{"cameraMode":{"drawMode":0,"name":"Shaded","section":"Shading Mode"},"sceneLighting":false,"audioPlay":false,"sceneViewState":{"m_AlwaysRefresh":false,"showFog":false,"showSkybox":false,"showFlares":false,"showImageEffects":false,"showParticleSystems":false,"showVisualEffectGraphs":false,"m_FxEnabled":true},"in2DMode":false,"pivot":{"x":-0.26242130994796755,"y":0.35184478759765627,"z":6.32590389251709},"rotation":{"x":-0.17466503381729127,"y":0.2199658900499344,"z":-0.04077201336622238,"w":-0.9590287208557129},"size":0.09797956049442291,"orthographic":false}