{"cameraMode":{"drawMode":0,"name":"Shaded","section":"Shading Mode"},"sceneLighting":false,"audioPlay":false,"sceneViewState":{"m_AlwaysRefresh":false,"showFog":false,"showSkybox":false,"showFlares":false,"showImageEffects":false,"showParticleSystems":false,"showVisualEffectGraphs":false,"m_FxEnabled":true},"in2DMode":false,"pivot":{"x":-0.0027127861976623537,"y":0.06980542838573456,"z":0.003396451473236084},"rotation":{"x":0.13355131447315217,"y":0.864824116230011,"z":-0.3695318102836609,"w":0.3125535547733307},"size":1.0419667959213257,"orthographic":false}