{"cameraMode":{"drawMode":0,"name":"Shaded","section":"Shading Mode"},"sceneLighting":false,"audioPlay":false,"sceneViewState":{"m_AlwaysRefresh":false,"showFog":false,"showSkybox":false,"showFlares":false,"showImageEffects":false,"showParticleSystems":false,"showVisualEffectGraphs":false,"m_FxEnabled":true},"in2DMode":false,"pivot":{"x":0.49117088317871096,"y":0.3400309681892395,"z":-0.02144795097410679},"rotation":{"x":-0.10519460588693619,"y":0.7201546430587769,"z":-0.11276823282241821,"w":-0.6766840815544128},"size":0.07068135589361191,"orthographic":false}