{"cameraMode":{"drawMode":0,"name":"Shaded","section":"Shading Mode"},"sceneLighting":false,"audioPlay":false,"sceneViewState":{"m_AlwaysRefresh":false,"showFog":false,"showSkybox":false,"showFlares":false,"showImageEffects":false,"showParticleSystems":false,"showVisualEffectGraphs":false,"m_FxEnabled":true},"in2DMode":false,"pivot":{"x":0.06255435943603516,"y":0.04246664047241211,"z":0.11665964126586914},"rotation":{"x":-0.14632822573184968,"y":0.849812388420105,"z":-0.31146761775016787,"w":-0.39924395084381106},"size":0.6860879063606262,"orthographic":false}