{"cameraMode":{"drawMode":0,"name":"Shaded","section":"Shading Mode"},"sceneLighting":true,"audioPlay":false,"sceneViewState":{"m_AlwaysRefresh":false,"showFog":false,"showSkybox":false,"showFlares":false,"showImageEffects":false,"showParticleSystems":false,"showVisualEffectGraphs":false,"m_FxEnabled":true},"in2DMode":false,"pivot":{"x":-0.241481751203537,"y":0.29772090911865237,"z":0.26672598719596865},"rotation":{"x":0.04049921780824661,"y":0.9393699169158936,"z":-0.11928660422563553,"w":0.31892767548561098},"size":0.3112320303916931,"orthographic":false}