{"cameraMode":{"drawMode":0,"name":"Shaded","section":"Shading Mode"},"sceneLighting":true,"audioPlay":false,"sceneViewState":{"m_AlwaysRefresh":false,"showFog":false,"showSkybox":false,"showFlares":false,"showImageEffects":false,"showParticleSystems":false,"showVisualEffectGraphs":false,"m_FxEnabled":true},"in2DMode":false,"pivot":{"x":-0.09890397638082504,"y":0.7080074548721314,"z":6.219676971435547},"rotation":{"x":-0.3389469087123871,"y":0.33773475885391238,"z":-0.13217705488204957,"w":-0.8682152032852173},"size":0.42171576619148257,"orthographic":false}