{"cameraMode":{"drawMode":0,"name":"Shaded","section":"Shading Mode"},"sceneLighting":true,"audioPlay":false,"sceneViewState":{"m_AlwaysRefresh":false,"showFog":false,"showSkybox":false,"showFlares":false,"showImageEffects":false,"showParticleSystems":false,"showVisualEffectGraphs":false,"m_FxEnabled":true},"in2DMode":false,"pivot":{"x":0.1264595091342926,"y":0.22062651813030244,"z":0.5820898413658142},"rotation":{"x":-0.04762418568134308,"y":0.044930145144462588,"z":0.002144377678632736,"w":0.9978561997413635},"size":5.387228488922119,"orthographic":false}