{"cameraMode":{"drawMode":0,"name":"Shaded","section":"Shading Mode"},"sceneLighting":true,"audioPlay":false,"sceneViewState":{"m_AlwaysRefresh":false,"showFog":false,"showSkybox":false,"showFlares":false,"showImageEffects":false,"showParticleSystems":false,"showVisualEffectGraphs":false,"m_FxEnabled":true},"in2DMode":false,"pivot":{"x":-2.9943935871124269,"y":0.12031864374876023,"z":2.5898420810699465},"rotation":{"x":-0.1387528032064438,"y":-0.09738674759864807,"z":0.013146921992301941,"w":-0.9855801463127136},"size":0.19745388627052308,"orthographic":false}