{"cameraMode":{"drawMode":0,"name":"Shaded","section":"Shading Mode"},"sceneLighting":false,"audioPlay":false,"sceneViewState":{"m_AlwaysRefresh":false,"showFog":false,"showSkybox":false,"showFlares":false,"showImageEffects":false,"showParticleSystems":false,"showVisualEffectGraphs":false,"m_FxEnabled":true},"in2DMode":false,"pivot":{"x":0.2180241346359253,"y":0.14765027165412904,"z":-0.16030347347259522},"rotation":{"x":-0.014838048256933689,"y":0.9847300052642822,"z":-0.1070748120546341,"w":-0.13646012544631959},"size":0.37242913246154787,"orthographic":false}